"Ticker","Index","Country"
"A2M.AX","ASX200","Australia"
"ABC.AX","ASX200","Australia"
"AGL.AX","ASX200","Australia"
"AIA.AX","ASX200","Australia"
"AKE.AX","ASX200","Australia"
"ALD.AX","ASX200","Australia"
"ALL.AX","ASX200","Australia"
"ALQ.AX","ASX200","Australia"
"ALU.AX","ASX200","Australia"
"ALX.AX","ASX200","Australia"
"AMC.AX","ASX200","Australia"
"AMP.AX","ASX200","Australia"
"ANN.AX","ASX200","Australia"
"ANZ.AX","ASX200","Australia"
"APA.AX","ASX200","Australia"
"APE.AX","ASX200","Australia"
"SQ2.AX","ASX200","Australia"
"ARB.AX","ASX200","Australia"
"ARF.AX","ASX200","Australia"
"ASX.AX","ASX200","Australia"
"AUB.AX","ASX200","Australia"
"AWC.AX","ASX200","Australia"
"AZJ.AX","ASX200","Australia"
"AVZ.AX","ASX200","Australia"
"BAP.AX","ASX200","Australia"
"BEN.AX","ASX200","Australia"
"BGA.AX","ASX200","Australia"
"BHP.AX","ASX200","Australia"
"BKW.AX","ASX200","Australia"
"BLD.AX","ASX200","Australia"
"BOQ.AX","ASX200","Australia"
"BPT.AX","ASX200","Australia"
"BRN.AX","ASX200","Australia"
"BRG.AX","ASX200","Australia"
"BSL.AX","ASX200","Australia"
"BWP.AX","ASX200","Australia"
"BXB.AX","ASX200","Australia"
"CAR.AX","ASX200","Australia"
"CBA.AX","ASX200","Australia"
"CCP.AX","ASX200","Australia"
"CCX.AX","ASX200","Australia"
"CGC.AX","ASX200","Australia"
"CGF.AX","ASX200","Australia"
"CHC.AX","ASX200","Australia"
"CHN.AX","ASX200","Australia"
"CIA.AX","ASX200","Australia"
"CIP.AX","ASX200","Australia"
"CKF.AX","ASX200","Australia"
"CLW.AX","ASX200","Australia"
"CMW.AX","ASX200","Australia"
"CNI.AX","ASX200","Australia"
"CNU.AX","ASX200","Australia"
"COH.AX","ASX200","Australia"
"COL.AX","ASX200","Australia"
"CPU.AX","ASX200","Australia"
"CRN.AX","ASX200","Australia"
"CQR.AX","ASX200","Australia"
"CSL.AX","ASX200","Australia"
"CSR.AX","ASX200","Australia"
"CTD.AX","ASX200","Australia"
"CUV.AX","ASX200","Australia"
"CWY.AX","ASX200","Australia"
"CXO.AX","ASX200","Australia"
"DEG.AX","ASX200","Australia"
"DHG.AX","ASX200","Australia"
"DMP.AX","ASX200","Australia"
"DOW.AX","ASX200","Australia"
"DRR.AX","ASX200","Australia"
"DXS.AX","ASX200","Australia"
"EDV.AX","ASX200","Australia"
"ELD.AX","ASX200","Australia"
"EML.AX","ASX200","Australia"
"EVN.AX","ASX200","Australia"
"EVT.AX","ASX200","Australia"
"FBU.AX","ASX200","Australia"
"FLT.AX","ASX200","Australia"
"FMG.AX","ASX200","Australia"
"FPH.AX","ASX200","Australia"
"GMG.AX","ASX200","Australia"
"GNC.AX","ASX200","Australia"
"GOR.AX","ASX200","Australia"
"GOZ.AX","ASX200","Australia"
"GPT.AX","ASX200","Australia"
"GUD.AX","ASX200","Australia"
"HDN.AX","ASX200","Australia"
"HLS.AX","ASX200","Australia"
"HMC.AX","ASX200","Australia"
"HUB.AX","ASX200","Australia"
"HVN.AX","ASX200","Australia"
"IAG.AX","ASX200","Australia"
"IEL.AX","ASX200","Australia"
"IFL.AX","ASX200","Australia"
"IGO.AX","ASX200","Australia"
"ILU.AX","ASX200","Australia"
"IMU.AX","ASX200","Australia"
"INA.AX","ASX200","Australia"
"ING.AX","ASX200","Australia"
"IPH.AX","ASX200","Australia"
"IPL.AX","ASX200","Australia"
"IRE.AX","ASX200","Australia"
"IVC.AX","ASX200","Australia"
"JBH.AX","ASX200","Australia"
"JHG.AX","ASX200","Australia"
"JHX.AX","ASX200","Australia"
"KLS.AX","ASX200","Australia"
"LIC.AX","ASX200","Australia"
"LKE.AX","ASX200","Australia"
"LLC.AX","ASX200","Australia"
"LNK.AX","ASX200","Australia"
"LTR.AX","ASX200","Australia"
"LYC.AX","ASX200","Australia"
"MFG.AX","ASX200","Australia"
"MGR.AX","ASX200","Australia"
"MIN.AX","ASX200","Australia"
"MP1.AX","ASX200","Australia"
"MPL.AX","ASX200","Australia"
"MQG.AX","ASX200","Australia"
"MTS.AX","ASX200","Australia"
"NAB.AX","ASX200","Australia"
"NAN.AX","ASX200","Australia"
"NCM.AX","ASX200","Australia"
"NEC.AX","ASX200","Australia"
"NHC.AX","ASX200","Australia"
"NHF.AX","ASX200","Australia"
"NIC.AX","ASX200","Australia"
"NSR.AX","ASX200","Australia"
"NST.AX","ASX200","Australia"
"NUF.AX","ASX200","Australia"
"NVX.AX","ASX200","Australia"
"NWL.AX","ASX200","Australia"
"NWS.AX","ASX200","Australia"
"NXT.AX","ASX200","Australia"
"ORA.AX","ASX200","Australia"
"ORG.AX","ASX200","Australia"
"ORI.AX","ASX200","Australia"
"PBH.AX","ASX200","Australia"
"PDN.AX","ASX200","Australia"
"PLS.AX","ASX200","Australia"
"PME.AX","ASX200","Australia"
"PMV.AX","ASX200","Australia"
"PNI.AX","ASX200","Australia"
"PPT.AX","ASX200","Australia"
"PRU.AX","ASX200","Australia"
"QAN.AX","ASX200","Australia"
"QBE.AX","ASX200","Australia"
"QUB.AX","ASX200","Australia"
"REA.AX","ASX200","Australia"
"REH.AX","ASX200","Australia"
"RHC.AX","ASX200","Australia"
"RIO.AX","ASX200","Australia"
"RMD.AX","ASX200","Australia"
"RMS.AX","ASX200","Australia"
"RRL.AX","ASX200","Australia"
"RWC.AX","ASX200","Australia"
"S32.AX","ASX200","Australia"
"SBM.AX","ASX200","Australia"
"SCG.AX","ASX200","Australia"
"SDF.AX","ASX200","Australia"
"SEK.AX","ASX200","Australia"
"SFR.AX","ASX200","Australia"
"SGM.AX","ASX200","Australia"
"SGP.AX","ASX200","Australia"
"SGR.AX","ASX200","Australia"
"SHL.AX","ASX200","Australia"
"SLR.AX","ASX200","Australia"
"SOL.AX","ASX200","Australia"
"STO.AX","ASX200","Australia"
"SUL.AX","ASX200","Australia"
"SUN.AX","ASX200","Australia"
"SVW.AX","ASX200","Australia"
"TLX.AX","ASX200","Australia"
"TAH.AX","ASX200","Australia"
"TCL.AX","ASX200","Australia"
"TLC.AX","ASX200","Australia"
"TLS.AX","ASX200","Australia"
"TNE.AX","ASX200","Australia"
"TPG.AX","ASX200","Australia"
"TWE.AX","ASX200","Australia"
"TYR.AX","ASX200","Australia"
"UMG.AX","ASX200","Australia"
"VCX.AX","ASX200","Australia"
"VEA.AX","ASX200","Australia"
"VUK.AX","ASX200","Australia"
"WBC.AX","ASX200","Australia"
"WEB.AX","ASX200","Australia"
"WES.AX","ASX200","Australia"
"WHC.AX","ASX200","Australia"
"WOR.AX","ASX200","Australia"
"WOW.AX","ASX200","Australia"
"WDS.AX","ASX200","Australia"
"WPR.AX","ASX200","Australia"
"WTC.AX","ASX200","Australia"
"XRO.AX","ASX200","Australia"
"ZIP.AX","ASX200","Australia"
"ARE.TO","TSX","Canada"
"AEM.TO","TSX","Canada"
"AC.TO","TSX","Canada"
"AGI.TO","TSX","Canada"
"AQN.TO","TSX","Canada"
"ATD.TO","TSX","Canada"
"ALA.TO","TSX","Canada"
"AIF.TO","TSX","Canada"
"ARX.TO","TSX","Canada"
"ATZ.TO","TSX","Canada"
"ACO.X.TO","TSX","Canada"
"ACB.TO","TSX","Canada"
"BTO.TO","TSX","Canada"
"BDGI.TO","TSX","Canada"
"BLDP.TO","TSX","Canada"
"BMO.TO","TSX","Canada"
"BNS.TO","TSX","Canada"
"ABX.TO","TSX","Canada"
"BHC.TO","TSX","Canada"
"BCE.TO","TSX","Canada"
"BIR.TO","TSX","Canada"
"BB.TO","TSX","Canada"
"BLX.TO","TSX","Canada"
"BYD.TO","TSX","Canada"
"DOO.TO","TSX","Canada"
"CAE.TO","TSX","Canada"
"CCO.TO","TSX","Canada"
"CF.TO","TSX","Canada"
"GOOS.TO","TSX","Canada"
"CM.TO","TSX","Canada"
"CNR.TO","TSX","Canada"
"CNQ.TO","TSX","Canada"
"CP.TO","TSX","Canada"
"CU.TO","TSX","Canada"
"CWB.TO","TSX","Canada"
"CFP.TO","TSX","Canada"
"WEED.TO","TSX","Canada"
"CPX.TO","TSX","Canada"
"CS.TO","TSX","Canada"
"CJT.TO","TSX","Canada"
"CAS.TO","TSX","Canada"
"CLS.TO","TSX","Canada"
"CVE.TO","TSX","Canada"
"CG.TO","TSX","Canada"
"CIX.TO","TSX","Canada"
"CCA.TO","TSX","Canada"
"CIGI.TO","TSX","Canada"
"CSU.TO","TSX","Canada"
"CTS.TO","TSX","Canada"
"CPG.TO","TSX","Canada"
"CRON.TO","TSX","Canada"
"DML.TO","TSX","Canada"
"DSG.TO","TSX","Canada"
"DCBO.TO","TSX","Canada"
"DOL.TO","TSX","Canada"
"DPM.TO","TSX","Canada"
"DND.TO","TSX","Canada"
"ECN.TO","TSX","Canada"
"ELD.TO","TSX","Canada"
"EFN.TO","TSX","Canada"
"EMA.TO","TSX","Canada"
"ENB.TO","TSX","Canada"
"EDR.TO","TSX","Canada"
"ERF.TO","TSX","Canada"
"ENGH.TO","TSX","Canada"
"EQX.TO","TSX","Canada"
"EQB.TO","TSX","Canada"
"ERO.TO","TSX","Canada"
"EIF.TO","TSX","Canada"
"FFH.TO","TSX","Canada"
"FTT.TO","TSX","Canada"
"FR.TO","TSX","Canada"
"FM.TO","TSX","Canada"
"FSV.TO","TSX","Canada"
"FTS.TO","TSX","Canada"
"FVI.TO","TSX","Canada"
"FNV.TO","TSX","Canada"
"WN.TO","TSX","Canada"
"GFL.TO","TSX","Canada"
"GEI.TO","TSX","Canada"
"GIL.TO","TSX","Canada"
"GSY.TO","TSX","Canada"
"GWO.TO","TSX","Canada"
"HBM.TO","TSX","Canada"
"H.TO","TSX","Canada"
"IAG.TO","TSX","Canada"
"IMG.TO","TSX","Canada"
"IGM.TO","TSX","Canada"
"IMO.TO","TSX","Canada"
"INE.TO","TSX","Canada"
"IFC.TO","TSX","Canada"
"IPL.TO","TSX","Canada"
"IFP.TO","TSX","Canada"
"IVN.TO","TSX","Canada"
"JWEL.TO","TSX","Canada"
"KNT.TO","TSX","Canada"
"KEY.TO","TSX","Canada"
"KXS.TO","TSX","Canada"
"K.TO","TSX","Canada"
"LIF.TO","TSX","Canada"
"LB.TO","TSX","Canada"
"LSPD.TO","TSX","Canada"
"LNR.TO","TSX","Canada"
"LAC.TO","TSX","Canada"
"L.TO","TSX","Canada"
"LUN.TO","TSX","Canada"
"MAG.TO","TSX","Canada"
"MG.TO","TSX","Canada"
"MFC.TO","TSX","Canada"
"MFI.TO","TSX","Canada"
"MRE.TO","TSX","Canada"
"MEG.TO","TSX","Canada"
"MX.TO","TSX","Canada"
"MRU.TO","TSX","Canada"
"MTY.TO","TSX","Canada"
"MTL.TO","TSX","Canada"
"NA.TO","TSX","Canada"
"NGD.TO","TSX","Canada"
"NXE.TO","TSX","Canada"
"NFI.TO","TSX","Canada"
"NPI.TO","TSX","Canada"
"NG.TO","TSX","Canada"
"NTR.TO","TSX","Canada"
"NVEI.TO","TSX","Canada"
"OGC.TO","TSX","Canada"
"ONEX.TO","TSX","Canada"
"OTEX.TO","TSX","Canada"
"OGI.TO","TSX","Canada"
"OR.TO","TSX","Canada"
"OSK.TO","TSX","Canada"
"PAAS.TO","TSX","Canada"
"PXT.TO","TSX","Canada"
"PKI.TO","TSX","Canada"
"PPL.TO","TSX","Canada"
"POW.TO","TSX","Canada"
"PSK.TO","TSX","Canada"
"PBH.TO","TSX","Canada"
"PRMW.TO","TSX","Canada"
"REAL.TO","TSX","Canada"
"QSR.TO","TSX","Canada"
"RCH.TO","TSX","Canada"
"RBA.TO","TSX","Canada"
"RY.TO","TSX","Canada"
"RUS.TO","TSX","Canada"
"SSL.TO","TSX","Canada"
"SAP.TO","TSX","Canada"
"SEA.TO","TSX","Canada"
"SHOP.TO","TSX","Canada"
"SIA.TO","TSX","Canada"
"SVM.TO","TSX","Canada"
"SIL.TO","TSX","Canada"
"ZZZ.TO","TSX","Canada"
"TOY.TO","TSX","Canada"
"SII.TO","TSX","Canada"
"SSRM.TO","TSX","Canada"
"STN.TO","TSX","Canada"
"STLC.TO","TSX","Canada"
"SJ.TO","TSX","Canada"
"SLF.TO","TSX","Canada"
"SU.TO","TSX","Canada"
"SOY.TO","TSX","Canada"
"SPB.TO","TSX","Canada"
"TRP.TO","TSX","Canada"
"T.TO","TSX","Canada"
"TIXT.TO","TSX","Canada"
"TFII.TO","TSX","Canada"
"NWC.TO","TSX","Canada"
"TRI.TO","TSX","Canada"
"TLRY.TO","TSX","Canada"
"X.TO","TSX","Canada"
"TXG.TO","TSX","Canada"
"TIH.TO","TSX","Canada"
"TD.TO","TSX","Canada"
"TOU.TO","TSX","Canada"
"TA.TO","TSX","Canada"
"RNW.TO","TSX","Canada"
"TCN.TO","TSX","Canada"
"TSU.TO","TSX","Canada"
"VET.TO","TSX","Canada"
"WCN.TO","TSX","Canada"
"WELL.TO","TSX","Canada"
"WDO.TO","TSX","Canada"
"WFG.TO","TSX","Canada"
"WPRT.TO","TSX","Canada"
"WTE.TO","TSX","Canada"
"WPM.TO","TSX","Canada"
"WCP.TO","TSX","Canada"
"WPK.TO","TSX","Canada"
"WSP.TO","TSX","Canada"
"AI.PA","CAC40","France"
"AIR.PA","CAC40","France"
"ALO.PA","CAC40","France"
"MT.AS","CAC40","France"
"CS.PA","CAC40","France"
"BNP.PA","CAC40","France"
"EN.PA","CAC40","France"
"CAP.PA","CAC40","France"
"CA.PA","CAC40","France"
"ACA.PA","CAC40","France"
"BN.PA","CAC40","France"
"DSY.PA","CAC40","France"
"EDEN.PA","CAC40","France"
"ENGI.PA","CAC40","France"
"EL.PA","CAC40","France"
"ERF.PA","CAC40","France"
"RMS.PA","CAC40","France"
"KER.PA","CAC40","France"
"OR.PA","CAC40","France"
"LR.PA","CAC40","France"
"MC.PA","CAC40","France"
"ML.PA","CAC40","France"
"ORA.PA","CAC40","France"
"RI.PA","CAC40","France"
"PUB.PA","CAC40","France"
"RNO.PA","CAC40","France"
"SAF.PA","CAC40","France"
"SGO.PA","CAC40","France"
"SAN.PA","CAC40","France"
"SU.PA","CAC40","France"
"GLE.PA","CAC40","France"
"STLAP.PA","CAC40","France"
"STMPA.PA","CAC40","France"
"TEP.PA","CAC40","France"
"HO.PA","CAC40","France"
"TTE.PA","CAC40","France"
"URW.PA","CAC40","France"
"VIE.PA","CAC40","France"
"DG.PA","CAC40","France"
"WLN.PA","CAC40","France"
"ADS.DE","DAX","Germany"
"AIR.DE","DAX","Germany"
"ALV.DE","DAX","Germany"
"BAS.DE","DAX","Germany"
"BAYN.DE","DAX","Germany"
"BEI.DE","DAX","Germany"
"BMW.DE","DAX","Germany"
"BNR.DE","DAX","Germany"
"CBK.DE","DAX","Germany"
"CON.DE","DAX","Germany"
"1COV.DE","DAX","Germany"
"DTG.DE","DAX","Germany"
"DBK.DE","DAX","Germany"
"DB1.DE","DAX","Germany"
"DHL.DE","DAX","Germany"
"DTE.DE","DAX","Germany"
"EOAN.DE","DAX","Germany"
"FRE.DE","DAX","Germany"
"HNR1.DE","DAX","Germany"
"HEI.DE","DAX","Germany"
"HEN3.DE","DAX","Germany"
"IFX.DE","DAX","Germany"
"MBG.DE","DAX","Germany"
"MRK.DE","DAX","Germany"
"MTX.DE","DAX","Germany"
"MUV2.DE","DAX","Germany"
"P911.DE","DAX","Germany"
"PAH3.DE","DAX","Germany"
"QIA.DE","DAX","Germany"
"RHM.DE","DAX","Germany"
"RWE.DE","DAX","Germany"
"SAP.DE","DAX","Germany"
"SRT3.DE","DAX","Germany"
"SIE.DE","DAX","Germany"
"ENR.DE","DAX","Germany"
"SHL.DE","DAX","Germany"
"SY1.DE","DAX","Germany"
"VOW3.DE","DAX","Germany"
"VNA.DE","DAX","Germany"
"ZAL.DE","DAX","Germany"
"ADANIENT.NS","NIFTY50","India"
"ADANIPORTS.NS","NIFTY50","India"
"APOLLOHOSP.NS","NIFTY50","India"
"ASIANPAINT.NS","NIFTY50","India"
"AXISBANK.NS","NIFTY50","India"
"BAJAJ-AUTO.NS","NIFTY50","India"
"BAJFINANCE.NS","NIFTY50","India"
"BAJAJFINSV.NS","NIFTY50","India"
"BPCL.NS","NIFTY50","India"
"BHARTIARTL.NS","NIFTY50","India"
"BRITANNIA.NS","NIFTY50","India"
"CIPLA.NS","NIFTY50","India"
"COALINDIA.NS","NIFTY50","India"
"DIVISLAB.NS","NIFTY50","India"
"DRREDDY.NS","NIFTY50","India"
"EICHERMOT.NS","NIFTY50","India"
"GRASIM.NS","NIFTY50","India"
"HCLTECH.NS","NIFTY50","India"
"HDFCBANK.NS","NIFTY50","India"
"HDFCLIFE.NS","NIFTY50","India"
"HEROMOTOCO.NS","NIFTY50","India"
"HINDALCO.NS","NIFTY50","India"
"HINDUNILVR.NS","NIFTY50","India"
"ICICIBANK.NS","NIFTY50","India"
"INDUSINDBK.NS","NIFTY50","India"
"INFY.NS","NIFTY50","India"
"ITC.NS","NIFTY50","India"
"JSWSTEEL.NS","NIFTY50","India"
"KOTAKBANK.NS","NIFTY50","India"
"LT.NS","NIFTY50","India"
"LTIM.NS","NIFTY50","India"
"M&M.NS","NIFTY50","India"
"MARUTI.NS","NIFTY50","India"
"NESTLEIND.NS","NIFTY50","India"
"NTPC.NS","NIFTY50","India"
"ONGC.NS","NIFTY50","India"
"POWERGRID.NS","NIFTY50","India"
"RELIANCE.NS","NIFTY50","India"
"SBILIFE.NS","NIFTY50","India"
"SBIN.NS","NIFTY50","India"
"SUNPHARMA.NS","NIFTY50","India"
"TATAMOTORS.NS","NIFTY50","India"
"TATASTEEL.NS","NIFTY50","India"
"TCS.NS","NIFTY50","India"
"TATACONSUM.NS","NIFTY50","India"
"TECHM.NS","NIFTY50","India"
"TITAN.NS","NIFTY50","India"
"ULTRACEMCO.NS","NIFTY50","India"
"UPL.NS","NIFTY50","India"
"WIPRO.NS","NIFTY50","India"
"A2A.MI","FTSE MIB","Italy"
"AMP.MI","FTSE MIB","Italy"
"AZM.MI","FTSE MIB","Italy"
"BGN.MI","FTSE MIB","Italy"
"BMED.MI","FTSE MIB","Italy"
"BAMI.MI","FTSE MIB","Italy"
"BPE.MI","FTSE MIB","Italy"
"BZU.MI","FTSE MIB","Italy"
"CPR.MI","FTSE MIB","Italy"
"CNHI.MI","FTSE MIB","Italy"
"DIA.MI","FTSE MIB","Italy"
"ENEL.MI","FTSE MIB","Italy"
"ENI.MI","FTSE MIB","Italy"
"ERG.MI","FTSE MIB","Italy"
"RACE.MI","FTSE MIB","Italy"
"FBK.MI","FTSE MIB","Italy"
"G.MI","FTSE MIB","Italy"
"HER.MI","FTSE MIB","Italy"
"IP.MI","FTSE MIB","Italy"
"ISP.MI","FTSE MIB","Italy"
"INW.MI","FTSE MIB","Italy"
"IG.MI","FTSE MIB","Italy"
"IVG.MI","FTSE MIB","Italy"
"LDO.MI","FTSE MIB","Italy"
"MB.MI","FTSE MIB","Italy"
"MONC.MI","FTSE MIB","Italy"
"NEXI.MI","FTSE MIB","Italy"
"PIRC.MI","FTSE MIB","Italy"
"PST.MI","FTSE MIB","Italy"
"PRY.MI","FTSE MIB","Italy"
"REC.MI","FTSE MIB","Italy"
"SPM.MI","FTSE MIB","Italy"
"SRG.MI","FTSE MIB","Italy"
"STLAM.MI","FTSE MIB","Italy"
"STMMI.MI","FTSE MIB","Italy"
"TIT.MI","FTSE MIB","Italy"
"TEN.MI","FTSE MIB","Italy"
"TRN.MI","FTSE MIB","Italy"
"UCG.MI","FTSE MIB","Italy"
"UNI.MI","FTSE MIB","Italy"
"4151.T","Nikkei","Japan"
"4502.T","Nikkei","Japan"
"4503.T","Nikkei","Japan"
"4506.T","Nikkei","Japan"
"4507.T","Nikkei","Japan"
"4519.T","Nikkei","Japan"
"4523.T","Nikkei","Japan"
"4568.T","Nikkei","Japan"
"4578.T","Nikkei","Japan"
"6479.T","Nikkei","Japan"
"6501.T","Nikkei","Japan"
"6503.T","Nikkei","Japan"
"6504.T","Nikkei","Japan"
"6506.T","Nikkei","Japan"
"6594.T","Nikkei","Japan"
"6645.T","Nikkei","Japan"
"6674.T","Nikkei","Japan"
"6701.T","Nikkei","Japan"
"6702.T","Nikkei","Japan"
"6723.T","Nikkei","Japan"
"6724.T","Nikkei","Japan"
"6752.T","Nikkei","Japan"
"6753.T","Nikkei","Japan"
"6758.T","Nikkei","Japan"
"6762.T","Nikkei","Japan"
"6770.T","Nikkei","Japan"
"6841.T","Nikkei","Japan"
"6857.T","Nikkei","Japan"
"6861.T","Nikkei","Japan"
"6902.T","Nikkei","Japan"
"6920.T","Nikkei","Japan"
"6952.T","Nikkei","Japan"
"6954.T","Nikkei","Japan"
"6971.T","Nikkei","Japan"
"6976.T","Nikkei","Japan"
"6981.T","Nikkei","Japan"
"7735.T","Nikkei","Japan"
"7751.T","Nikkei","Japan"
"7752.T","Nikkei","Japan"
"8035.T","Nikkei","Japan"
"7201.T","Nikkei","Japan"
"7202.T","Nikkei","Japan"
"7203.T","Nikkei","Japan"
"7205.T","Nikkei","Japan"
"7211.T","Nikkei","Japan"
"7261.T","Nikkei","Japan"
"7267.T","Nikkei","Japan"
"7269.T","Nikkei","Japan"
"7270.T","Nikkei","Japan"
"7272.T","Nikkei","Japan"
"4543.T","Nikkei","Japan"
"4902.T","Nikkei","Japan"
"7731.T","Nikkei","Japan"
"7733.T","Nikkei","Japan"
"7741.T","Nikkei","Japan"
"7762.T","Nikkei","Japan"
"9432.T","Nikkei","Japan"
"9433.T","Nikkei","Japan"
"9434.T","Nikkei","Japan"
"9613.T","Nikkei","Japan"
"9984.T","Nikkei","Japan"
"5831.T","Nikkei","Japan"
"7186.T","Nikkei","Japan"
"8304.T","Nikkei","Japan"
"8306.T","Nikkei","Japan"
"8308.T","Nikkei","Japan"
"8309.T","Nikkei","Japan"
"8316.T","Nikkei","Japan"
"8331.T","Nikkei","Japan"
"8354.T","Nikkei","Japan"
"8411.T","Nikkei","Japan"
"8253.T","Nikkei","Japan"
"8591.T","Nikkei","Japan"
"8697.T","Nikkei","Japan"
"8601.T","Nikkei","Japan"
"8604.T","Nikkei","Japan"
"8630.T","Nikkei","Japan"
"8725.T","Nikkei","Japan"
"8750.T","Nikkei","Japan"
"8766.T","Nikkei","Japan"
"8795.T","Nikkei","Japan"
"1332.T","Nikkei","Japan"
"2002.T","Nikkei","Japan"
"2269.T","Nikkei","Japan"
"2282.T","Nikkei","Japan"
"2501.T","Nikkei","Japan"
"2502.T","Nikkei","Japan"
"2503.T","Nikkei","Japan"
"2531.T","Nikkei","Japan"
"2801.T","Nikkei","Japan"
"2802.T","Nikkei","Japan"
"2871.T","Nikkei","Japan"
"2914.T","Nikkei","Japan"
"3086.T","Nikkei","Japan"
"3099.T","Nikkei","Japan"
"3382.T","Nikkei","Japan"
"8233.T","Nikkei","Japan"
"8252.T","Nikkei","Japan"
"8267.T","Nikkei","Japan"
"9843.T","Nikkei","Japan"
"9983.T","Nikkei","Japan"
"2413.T","Nikkei","Japan"
"2432.T","Nikkei","Japan"
"3659.T","Nikkei","Japan"
"4324.T","Nikkei","Japan"
"4385.T","Nikkei","Japan"
"4661.T","Nikkei","Japan"
"4689.T","Nikkei","Japan"
"4704.T","Nikkei","Japan"
"4751.T","Nikkei","Japan"
"4755.T","Nikkei","Japan"
"6098.T","Nikkei","Japan"
"6178.T","Nikkei","Japan"
"7974.T","Nikkei","Japan"
"9602.T","Nikkei","Japan"
"9735.T","Nikkei","Japan"
"9766.T","Nikkei","Japan"
"1605.T","Nikkei","Japan"
"3401.T","Nikkei","Japan"
"3402.T","Nikkei","Japan"
"3861.T","Nikkei","Japan"
"3863.T","Nikkei","Japan"
"3405.T","Nikkei","Japan"
"3407.T","Nikkei","Japan"
"4004.T","Nikkei","Japan"
"4005.T","Nikkei","Japan"
"4021.T","Nikkei","Japan"
"4042.T","Nikkei","Japan"
"4043.T","Nikkei","Japan"
"4061.T","Nikkei","Japan"
"4063.T","Nikkei","Japan"
"4183.T","Nikkei","Japan"
"4188.T","Nikkei","Japan"
"4208.T","Nikkei","Japan"
"4452.T","Nikkei","Japan"
"4631.T","Nikkei","Japan"
"4901.T","Nikkei","Japan"
"4911.T","Nikkei","Japan"
"6988.T","Nikkei","Japan"
"5019.T","Nikkei","Japan"
"5020.T","Nikkei","Japan"
"5101.T","Nikkei","Japan"
"5108.T","Nikkei","Japan"
"5201.T","Nikkei","Japan"
"5214.T","Nikkei","Japan"
"5232.T","Nikkei","Japan"
"5233.T","Nikkei","Japan"
"5301.T","Nikkei","Japan"
"5332.T","Nikkei","Japan"
"5333.T","Nikkei","Japan"
"5401.T","Nikkei","Japan"
"5406.T","Nikkei","Japan"
"5411.T","Nikkei","Japan"
"5541.T","Nikkei","Japan"
"3436.T","Nikkei","Japan"
"5706.T","Nikkei","Japan"
"5711.T","Nikkei","Japan"
"5713.T","Nikkei","Japan"
"5714.T","Nikkei","Japan"
"5801.T","Nikkei","Japan"
"5802.T","Nikkei","Japan"
"5803.T","Nikkei","Japan"
"2768.T","Nikkei","Japan"
"8001.T","Nikkei","Japan"
"8002.T","Nikkei","Japan"
"8015.T","Nikkei","Japan"
"8031.T","Nikkei","Japan"
"8053.T","Nikkei","Japan"
"8058.T","Nikkei","Japan"
"1721.T","Nikkei","Japan"
"1801.T","Nikkei","Japan"
"1802.T","Nikkei","Japan"
"1803.T","Nikkei","Japan"
"1808.T","Nikkei","Japan"
"1812.T","Nikkei","Japan"
"1925.T","Nikkei","Japan"
"1928.T","Nikkei","Japan"
"1963.T","Nikkei","Japan"
"5631.T","Nikkei","Japan"
"6103.T","Nikkei","Japan"
"6113.T","Nikkei","Japan"
"6273.T","Nikkei","Japan"
"6301.T","Nikkei","Japan"
"6302.T","Nikkei","Japan"
"6305.T","Nikkei","Japan"
"6326.T","Nikkei","Japan"
"6361.T","Nikkei","Japan"
"6367.T","Nikkei","Japan"
"6471.T","Nikkei","Japan"
"6472.T","Nikkei","Japan"
"6473.T","Nikkei","Japan"
"7004.T","Nikkei","Japan"
"7011.T","Nikkei","Japan"
"7013.T","Nikkei","Japan"
"7012.T","Nikkei","Japan"
"7832.T","Nikkei","Japan"
"7911.T","Nikkei","Japan"
"7912.T","Nikkei","Japan"
"7951.T","Nikkei","Japan"
"3289.T","Nikkei","Japan"
"8801.T","Nikkei","Japan"
"8802.T","Nikkei","Japan"
"8804.T","Nikkei","Japan"
"8830.T","Nikkei","Japan"
"9001.T","Nikkei","Japan"
"9005.T","Nikkei","Japan"
"9007.T","Nikkei","Japan"
"9008.T","Nikkei","Japan"
"9009.T","Nikkei","Japan"
"9020.T","Nikkei","Japan"
"9021.T","Nikkei","Japan"
"9022.T","Nikkei","Japan"
"9064.T","Nikkei","Japan"
"9147.T","Nikkei","Japan"
"9101.T","Nikkei","Japan"
"9104.T","Nikkei","Japan"
"9107.T","Nikkei","Japan"
"9201.T","Nikkei","Japan"
"9202.T","Nikkei","Japan"
"9301.T","Nikkei","Japan"
"9501.T","Nikkei","Japan"
"9502.T","Nikkei","Japan"
"9503.T","Nikkei","Japan"
"9531.T","Nikkei","Japan"
"9532.T","Nikkei","Japan"
"ACS.MC","IBEX35","Spain"
"ACX.MC","IBEX35","Spain"
"AENA.MC","IBEX35","Spain"
"AMS.MC","IBEX35","Spain"
"ANA.MC","IBEX35","Spain"
"ANE.MC","IBEX35","Spain"
"BBVA.MC","IBEX35","Spain"
"BKT.MC","IBEX35","Spain"
"CABK.MC","IBEX35","Spain"
"CLNX.MC","IBEX35","Spain"
"COL.MC","IBEX35","Spain"
"ELE.MC","IBEX35","Spain"
"ENG.MC","IBEX35","Spain"
"FDR.MC","IBEX35","Spain"
"FER.MC","IBEX35","Spain"
"GRF.MC","IBEX35","Spain"
"IAG.MC","IBEX35","Spain"
"IBE.MC","IBEX35","Spain"
"IDR.MC","IBEX35","Spain"
"ITX.MC","IBEX35","Spain"
"LOG.MC","IBEX35","Spain"
"MAP.MC","IBEX35","Spain"
"MEL.MC","IBEX35","Spain"
"MRL.MC","IBEX35","Spain"
"MTS.MC","IBEX35","Spain"
"NTGY.MC","IBEX35","Spain"
"RED.MC","IBEX35","Spain"
"REP.MC","IBEX35","Spain"
"ROVI.MC","IBEX35","Spain"
"SAB.MC","IBEX35","Spain"
"SAN.MC","IBEX35","Spain"
"SLR.MC","IBEX35","Spain"
"TEF.MC","IBEX35","Spain"
"UNI.MC","IBEX35","Spain"
"ADVANC.BK","SET50","Thailand"
"AOT.BK","SET50","Thailand"
"AWC.BK","SET50","Thailand"
"BANPU.BK","SET50","Thailand"
"BBL.BK","SET50","Thailand"
"BDMS.BK","SET50","Thailand"
"BEM.BK","SET50","Thailand"
"BGRIM.BK","SET50","Thailand"
"BH.BK","SET50","Thailand"
"BTS.BK","SET50","Thailand"
"CBG.BK","SET50","Thailand"
"CENTEL.BK","SET50","Thailand"
"COM7.BK","SET50","Thailand"
"CPALL.BK","SET50","Thailand"
"CPF.BK","SET50","Thailand"
"CPN.BK","SET50","Thailand"
"CRC.BK","SET50","Thailand"
"DELTA.BK","SET50","Thailand"
"EA.BK","SET50","Thailand"
"EGCO.BK","SET50","Thailand"
"GLOBAL.BK","SET50","Thailand"
"GPSC.BK","SET50","Thailand"
"GULF.BK","SET50","Thailand"
"HMPRO.BK","SET50","Thailand"
"INTUCH.BK","SET50","Thailand"
"IVL.BK","SET50","Thailand"
"KBANK.BK","SET50","Thailand"
"KTB.BK","SET50","Thailand"
"KTC.BK","SET50","Thailand"
"LH.BK","SET50","Thailand"
"MINT.BK","SET50","Thailand"
"MTC.BK","SET50","Thailand"
"OR.BK","SET50","Thailand"
"OSP.BK","SET50","Thailand"
"PTT.BK","SET50","Thailand"
"PTTEP.BK","SET50","Thailand"
"PTTGC.BK","SET50","Thailand"
"RATCH.BK","SET50","Thailand"
"SAWAD.BK","SET50","Thailand"
"SCB.BK","SET50","Thailand"
"SCC.BK","SET50","Thailand"
"SCGP.BK","SET50","Thailand"
"TIDLOR.BK","SET50","Thailand"
"TISCO.BK","SET50","Thailand"
"TLI.BK","SET50","Thailand"
"TOP.BK","SET50","Thailand"
"TRUE.BK","SET50","Thailand"
"TTB.BK","SET50","Thailand"
"TU.BK","SET50","Thailand"
"WHA.BK","SET50","Thailand"
"III.L","FTSE100","United Kingdom"
"ADM.L","FTSE100","United Kingdom"
"AAF.L","FTSE100","United Kingdom"
"AAL.L","FTSE100","United Kingdom"
"ANTO.L","FTSE100","United Kingdom"
"AHT.L","FTSE100","United Kingdom"
"ABF.L","FTSE100","United Kingdom"
"AZN.L","FTSE100","United Kingdom"
"AUTO.L","FTSE100","United Kingdom"
"AV.L","FTSE100","United Kingdom"
"BME.L","FTSE100","United Kingdom"
"BA.L","FTSE100","United Kingdom"
"BARC.L","FTSE100","United Kingdom"
"BDEV.L","FTSE100","United Kingdom"
"BEZ.L","FTSE100","United Kingdom"
"BKG.L","FTSE100","United Kingdom"
"BP.L","FTSE100","United Kingdom"
"BATS.L","FTSE100","United Kingdom"
"BT-A.L","FTSE100","United Kingdom"
"BNZL.L","FTSE100","United Kingdom"
"BRBY.L","FTSE100","United Kingdom"
"CNA.L","FTSE100","United Kingdom"
"CCH.L","FTSE100","United Kingdom"
"CPG.L","FTSE100","United Kingdom"
"CTEC.L","FTSE100","United Kingdom"
"CRDA.L","FTSE100","United Kingdom"
"DCC.L","FTSE100","United Kingdom"
"DPH.L","FTSE100","United Kingdom"
"DGE.L","FTSE100","United Kingdom"
"DPLM.L","FTSE100","United Kingdom"
"EDV.L","FTSE100","United Kingdom"
"ENT.L","FTSE100","United Kingdom"
"EXPN.L","FTSE100","United Kingdom"
"FCIT.L","FTSE100","United Kingdom"
"FLTR.L","FTSE100","United Kingdom"
"FRAS.L","FTSE100","United Kingdom"
"FRES.L","FTSE100","United Kingdom"
"GLEN.L","FTSE100","United Kingdom"
"GSK.L","FTSE100","United Kingdom"
"HLN.L","FTSE100","United Kingdom"
"HLMA.L","FTSE100","United Kingdom"
"HL.L","FTSE100","United Kingdom"
"HIK.L","FTSE100","United Kingdom"
"HWDN.L","FTSE100","United Kingdom"
"HSBA.L","FTSE100","United Kingdom"
"IHG.L","FTSE100","United Kingdom"
"IMI.L","FTSE100","United Kingdom"
"IMB.L","FTSE100","United Kingdom"
"INF.L","FTSE100","United Kingdom"
"IAG.L","FTSE100","United Kingdom"
"ITRK.L","FTSE100","United Kingdom"
"JD.L","FTSE100","United Kingdom"
"KGF.L","FTSE100","United Kingdom"
"LAND.L","FTSE100","United Kingdom"
"LGEN.L","FTSE100","United Kingdom"
"LLOY.L","FTSE100","United Kingdom"
"LSEG.L","FTSE100","United Kingdom"
"MNG.L","FTSE100","United Kingdom"
"MKS.L","FTSE100","United Kingdom"
"MRO.L","FTSE100","United Kingdom"
"MNDI.L","FTSE100","United Kingdom"
"NG.L","FTSE100","United Kingdom"
"NWG.L","FTSE100","United Kingdom"
"NXT.L","FTSE100","United Kingdom"
"OCDO.L","FTSE100","United Kingdom"
"PSON.L","FTSE100","United Kingdom"
"PSH.L","FTSE100","United Kingdom"
"PHNX.L","FTSE100","United Kingdom"
"PRU.L","FTSE100","United Kingdom"
"RKT.L","FTSE100","United Kingdom"
"REL.L","FTSE100","United Kingdom"
"RTO.L","FTSE100","United Kingdom"
"RMV.L","FTSE100","United Kingdom"
"RIO.L","FTSE100","United Kingdom"
"RR.L","FTSE100","United Kingdom"
"RS1.L","FTSE100","United Kingdom"
"SGE.L","FTSE100","United Kingdom"
"SBRY.L","FTSE100","United Kingdom"
"SDR.L","FTSE100","United Kingdom"
"SMT.L","FTSE100","United Kingdom"
"SGRO.L","FTSE100","United Kingdom"
"SVT.L","FTSE100","United Kingdom"
"SHEL.L","FTSE100","United Kingdom"
"SMDS.L","FTSE100","United Kingdom"
"SMIN.L","FTSE100","United Kingdom"
"SN.L","FTSE100","United Kingdom"
"SKG.L","FTSE100","United Kingdom"
"SPX.L","FTSE100","United Kingdom"
"SSE.L","FTSE100","United Kingdom"
"STAN.L","FTSE100","United Kingdom"
"STJ.L","FTSE100","United Kingdom"
"TW.L","FTSE100","United Kingdom"
"TSCO.L","FTSE100","United Kingdom"
"ULVR.L","FTSE100","United Kingdom"
"UU.L","FTSE100","United Kingdom"
"UTG.L","FTSE100","United Kingdom"
"VOD.L","FTSE100","United Kingdom"
"WEIR.L","FTSE100","United Kingdom"
"WTB.L","FTSE100","United Kingdom"
"WPP.L","FTSE100","United Kingdom"
"MMM","SP500","United States"
"AOS","SP500","United States"
"ABT","SP500","United States"
"ABBV","SP500","United States"
"ACN","SP500","United States"
"ADM","SP500","United States"
"ADBE","SP500","United States"
"ADP","SP500","United States"
"AES","SP500","United States"
"AFL","SP500","United States"
"A","SP500","United States"
"ABNB","SP500","United States"
"APD","SP500","United States"
"AKAM","SP500","United States"
"ALK","SP500","United States"
"ALB","SP500","United States"
"ARE","SP500","United States"
"ALGN","SP500","United States"
"ALLE","SP500","United States"
"LNT","SP500","United States"
"ALL","SP500","United States"
"GOOGL","SP500","United States"
"GOOG","SP500","United States"
"MO","SP500","United States"
"AMZN","SP500","United States"
"AMCR","SP500","United States"
"AMD","SP500","United States"
"AEE","SP500","United States"
"AAL","SP500","United States"
"AEP","SP500","United States"
"AXP","SP500","United States"
"AIG","SP500","United States"
"AMT","SP500","United States"
"AWK","SP500","United States"
"AMP","SP500","United States"
"AME","SP500","United States"
"AMGN","SP500","United States"
"APH","SP500","United States"
"ADI","SP500","United States"
"ANSS","SP500","United States"
"AON","SP500","United States"
"APA","SP500","United States"
"AAPL","SP500","United States"
"AMAT","SP500","United States"
"APTV","SP500","United States"
"ACGL","SP500","United States"
"ANET","SP500","United States"
"AJG","SP500","United States"
"AIZ","SP500","United States"
"T","SP500","United States"
"ATO","SP500","United States"
"ADSK","SP500","United States"
"AZO","SP500","United States"
"AVB","SP500","United States"
"AVY","SP500","United States"
"AXON","SP500","United States"
"BKR","SP500","United States"
"BALL","SP500","United States"
"BAC","SP500","United States"
"BBWI","SP500","United States"
"BAX","SP500","United States"
"BDX","SP500","United States"
"WRB","SP500","United States"
"BBY","SP500","United States"
"BIO","SP500","United States"
"TECH","SP500","United States"
"BIIB","SP500","United States"
"BLK","SP500","United States"
"BX","SP500","United States"
"BK","SP500","United States"
"BA","SP500","United States"
"BKNG","SP500","United States"
"BWA","SP500","United States"
"BXP","SP500","United States"
"BSX","SP500","United States"
"BMY","SP500","United States"
"AVGO","SP500","United States"
"BR","SP500","United States"
"BRO","SP500","United States"
"BF.B","SP500","United States"
"BG","SP500","United States"
"CHRW","SP500","United States"
"CDNS","SP500","United States"
"CZR","SP500","United States"
"CPT","SP500","United States"
"CPB","SP500","United States"
"COF","SP500","United States"
"CAH","SP500","United States"
"KMX","SP500","United States"
"CCL","SP500","United States"
"CARR","SP500","United States"
"CTLT","SP500","United States"
"CAT","SP500","United States"
"CBOE","SP500","United States"
"CBRE","SP500","United States"
"CDW","SP500","United States"
"CE","SP500","United States"
"COR","SP500","United States"
"CNC","SP500","United States"
"CNP","SP500","United States"
"CDAY","SP500","United States"
"CF","SP500","United States"
"CRL","SP500","United States"
"SCHW","SP500","United States"
"CHTR","SP500","United States"
"CVX","SP500","United States"
"CMG","SP500","United States"
"CB","SP500","United States"
"CHD","SP500","United States"
"CI","SP500","United States"
"CINF","SP500","United States"
"CTAS","SP500","United States"
"CSCO","SP500","United States"
"C","SP500","United States"
"CFG","SP500","United States"
"CLX","SP500","United States"
"CME","SP500","United States"
"CMS","SP500","United States"
"KO","SP500","United States"
"CTSH","SP500","United States"
"CL","SP500","United States"
"CMCSA","SP500","United States"
"CMA","SP500","United States"
"CAG","SP500","United States"
"COP","SP500","United States"
"ED","SP500","United States"
"STZ","SP500","United States"
"CEG","SP500","United States"
"COO","SP500","United States"
"CPRT","SP500","United States"
"GLW","SP500","United States"
"CTVA","SP500","United States"
"CSGP","SP500","United States"
"COST","SP500","United States"
"CTRA","SP500","United States"
"CCI","SP500","United States"
"CSX","SP500","United States"
"CMI","SP500","United States"
"CVS","SP500","United States"
"DHI","SP500","United States"
"DHR","SP500","United States"
"DRI","SP500","United States"
"DVA","SP500","United States"
"DE","SP500","United States"
"DAL","SP500","United States"
"XRAY","SP500","United States"
"DVN","SP500","United States"
"DXCM","SP500","United States"
"FANG","SP500","United States"
"DLR","SP500","United States"
"DFS","SP500","United States"
"DIS","SP500","United States"
"DG","SP500","United States"
"DLTR","SP500","United States"
"D","SP500","United States"
"DPZ","SP500","United States"
"DOV","SP500","United States"
"DOW","SP500","United States"
"DTE","SP500","United States"
"DUK","SP500","United States"
"DD","SP500","United States"
"EMN","SP500","United States"
"ETN","SP500","United States"
"EBAY","SP500","United States"
"ECL","SP500","United States"
"EIX","SP500","United States"
"EW","SP500","United States"
"EA","SP500","United States"
"ELV","SP500","United States"
"LLY","SP500","United States"
"EMR","SP500","United States"
"ENPH","SP500","United States"
"ETR","SP500","United States"
"EOG","SP500","United States"
"EPAM","SP500","United States"
"EQT","SP500","United States"
"EFX","SP500","United States"
"EQIX","SP500","United States"
"EQR","SP500","United States"
"ESS","SP500","United States"
"EL","SP500","United States"
"ETSY","SP500","United States"
"EG","SP500","United States"
"EVRG","SP500","United States"
"ES","SP500","United States"
"EXC","SP500","United States"
"EXPE","SP500","United States"
"EXPD","SP500","United States"
"EXR","SP500","United States"
"XOM","SP500","United States"
"FFIV","SP500","United States"
"FDS","SP500","United States"
"FICO","SP500","United States"
"FAST","SP500","United States"
"FRT","SP500","United States"
"FDX","SP500","United States"
"FITB","SP500","United States"
"FSLR","SP500","United States"
"FE","SP500","United States"
"FIS","SP500","United States"
"FI","SP500","United States"
"FLT","SP500","United States"
"FMC","SP500","United States"
"F","SP500","United States"
"FTNT","SP500","United States"
"FTV","SP500","United States"
"FOXA","SP500","United States"
"FOX","SP500","United States"
"BEN","SP500","United States"
"FCX","SP500","United States"
"GRMN","SP500","United States"
"IT","SP500","United States"
"GEHC","SP500","United States"
"GEN","SP500","United States"
"GNRC","SP500","United States"
"GD","SP500","United States"
"GE","SP500","United States"
"GIS","SP500","United States"
"GM","SP500","United States"
"GPC","SP500","United States"
"GILD","SP500","United States"
"GL","SP500","United States"
"GPN","SP500","United States"
"GS","SP500","United States"
"HAL","SP500","United States"
"HIG","SP500","United States"
"HAS","SP500","United States"
"HCA","SP500","United States"
"PEAK","SP500","United States"
"HSIC","SP500","United States"
"HSY","SP500","United States"
"HES","SP500","United States"
"HPE","SP500","United States"
"HLT","SP500","United States"
"HOLX","SP500","United States"
"HD","SP500","United States"
"HON","SP500","United States"
"HRL","SP500","United States"
"HST","SP500","United States"
"HWM","SP500","United States"
"HPQ","SP500","United States"
"HUM","SP500","United States"
"HBAN","SP500","United States"
"HII","SP500","United States"
"IBM","SP500","United States"
"IEX","SP500","United States"
"IDXX","SP500","United States"
"ITW","SP500","United States"
"ILMN","SP500","United States"
"INCY","SP500","United States"
"IR","SP500","United States"
"PODD","SP500","United States"
"INTC","SP500","United States"
"ICE","SP500","United States"
"IFF","SP500","United States"
"IP","SP500","United States"
"IPG","SP500","United States"
"INTU","SP500","United States"
"ISRG","SP500","United States"
"IVZ","SP500","United States"
"INVH","SP500","United States"
"IQV","SP500","United States"
"IRM","SP500","United States"
"JBHT","SP500","United States"
"JKHY","SP500","United States"
"J","SP500","United States"
"JNJ","SP500","United States"
"JCI","SP500","United States"
"JPM","SP500","United States"
"JNPR","SP500","United States"
"K","SP500","United States"
"KVUE","SP500","United States"
"KDP","SP500","United States"
"KEY","SP500","United States"
"KEYS","SP500","United States"
"KMB","SP500","United States"
"KIM","SP500","United States"
"KMI","SP500","United States"
"KLAC","SP500","United States"
"KHC","SP500","United States"
"KR","SP500","United States"
"LHX","SP500","United States"
"LH","SP500","United States"
"LRCX","SP500","United States"
"LW","SP500","United States"
"LVS","SP500","United States"
"LDOS","SP500","United States"
"LEN","SP500","United States"
"LIN","SP500","United States"
"LYV","SP500","United States"
"LKQ","SP500","United States"
"LMT","SP500","United States"
"L","SP500","United States"
"LOW","SP500","United States"
"LYB","SP500","United States"
"MTB","SP500","United States"
"MRO","SP500","United States"
"MPC","SP500","United States"
"MKTX","SP500","United States"
"MAR","SP500","United States"
"MMC","SP500","United States"
"MLM","SP500","United States"
"MAS","SP500","United States"
"MA","SP500","United States"
"MTCH","SP500","United States"
"MKC","SP500","United States"
"MCD","SP500","United States"
"MCK","SP500","United States"
"MDT","SP500","United States"
"MRK","SP500","United States"
"META","SP500","United States"
"MET","SP500","United States"
"MTD","SP500","United States"
"MGM","SP500","United States"
"MCHP","SP500","United States"
"MU","SP500","United States"
"MSFT","SP500","United States"
"MAA","SP500","United States"
"MRNA","SP500","United States"
"MHK","SP500","United States"
"MOH","SP500","United States"
"TAP","SP500","United States"
"MDLZ","SP500","United States"
"MPWR","SP500","United States"
"MNST","SP500","United States"
"MCO","SP500","United States"
"MS","SP500","United States"
"MOS","SP500","United States"
"MSI","SP500","United States"
"MSCI","SP500","United States"
"NDAQ","SP500","United States"
"NTAP","SP500","United States"
"NFLX","SP500","United States"
"NEM","SP500","United States"
"NWSA","SP500","United States"
"NWS","SP500","United States"
"NEE","SP500","United States"
"NKE","SP500","United States"
"NI","SP500","United States"
"NDSN","SP500","United States"
"NSC","SP500","United States"
"NTRS","SP500","United States"
"NOC","SP500","United States"
"NCLH","SP500","United States"
"NRG","SP500","United States"
"NUE","SP500","United States"
"NVDA","SP500","United States"
"NVR","SP500","United States"
"NXPI","SP500","United States"
"ORLY","SP500","United States"
"OXY","SP500","United States"
"ODFL","SP500","United States"
"OMC","SP500","United States"
"ON","SP500","United States"
"OKE","SP500","United States"
"ORCL","SP500","United States"
"OGN","SP500","United States"
"OTIS","SP500","United States"
"PCAR","SP500","United States"
"PKG","SP500","United States"
"PANW","SP500","United States"
"PARA","SP500","United States"
"PH","SP500","United States"
"PAYX","SP500","United States"
"PAYC","SP500","United States"
"PYPL","SP500","United States"
"PNR","SP500","United States"
"PEP","SP500","United States"
"PFE","SP500","United States"
"PCG","SP500","United States"
"PM","SP500","United States"
"PSX","SP500","United States"
"PNW","SP500","United States"
"PXD","SP500","United States"
"PNC","SP500","United States"
"POOL","SP500","United States"
"PPG","SP500","United States"
"PPL","SP500","United States"
"PFG","SP500","United States"
"PG","SP500","United States"
"PGR","SP500","United States"
"PLD","SP500","United States"
"PRU","SP500","United States"
"PEG","SP500","United States"
"PTC","SP500","United States"
"PSA","SP500","United States"
"PHM","SP500","United States"
"QRVO","SP500","United States"
"PWR","SP500","United States"
"QCOM","SP500","United States"
"DGX","SP500","United States"
"RL","SP500","United States"
"RJF","SP500","United States"
"RTX","SP500","United States"
"O","SP500","United States"
"REG","SP500","United States"
"REGN","SP500","United States"
"RF","SP500","United States"
"RSG","SP500","United States"
"RMD","SP500","United States"
"RVTY","SP500","United States"
"RHI","SP500","United States"
"ROK","SP500","United States"
"ROL","SP500","United States"
"ROP","SP500","United States"
"ROST","SP500","United States"
"RCL","SP500","United States"
"SPGI","SP500","United States"
"CRM","SP500","United States"
"SBAC","SP500","United States"
"SLB","SP500","United States"
"STX","SP500","United States"
"SEE","SP500","United States"
"SRE","SP500","United States"
"NOW","SP500","United States"
"SHW","SP500","United States"
"SPG","SP500","United States"
"SWKS","SP500","United States"
"SJM","SP500","United States"
"SNA","SP500","United States"
"SEDG","SP500","United States"
"SO","SP500","United States"
"LUV","SP500","United States"
"SWK","SP500","United States"
"SBUX","SP500","United States"
"STT","SP500","United States"
"STLD","SP500","United States"
"STE","SP500","United States"
"SYK","SP500","United States"
"SYF","SP500","United States"
"SNPS","SP500","United States"
"SYY","SP500","United States"
"TMUS","SP500","United States"
"TROW","SP500","United States"
"TTWO","SP500","United States"
"TPR","SP500","United States"
"TRGP","SP500","United States"
"TGT","SP500","United States"
"TEL","SP500","United States"
"TDY","SP500","United States"
"TFX","SP500","United States"
"TER","SP500","United States"
"TSLA","SP500","United States"
"TXN","SP500","United States"
"TXT","SP500","United States"
"TMO","SP500","United States"
"TJX","SP500","United States"
"TSCO","SP500","United States"
"TT","SP500","United States"
"TDG","SP500","United States"
"TRV","SP500","United States"
"TRMB","SP500","United States"
"TFC","SP500","United States"
"TYL","SP500","United States"
"TSN","SP500","United States"
"USB","SP500","United States"
"UDR","SP500","United States"
"ULTA","SP500","United States"
"UNP","SP500","United States"
"UAL","SP500","United States"
"UPS","SP500","United States"
"URI","SP500","United States"
"UNH","SP500","United States"
"UHS","SP500","United States"
"VLO","SP500","United States"
"VTR","SP500","United States"
"VLTO","SP500","United States"
"VRSN","SP500","United States"
"VRSK","SP500","United States"
"VZ","SP500","United States"
"VRTX","SP500","United States"
"VFC","SP500","United States"
"VTRS","SP500","United States"
"VICI","SP500","United States"
"V","SP500","United States"
"VMC","SP500","United States"
"WAB","SP500","United States"
"WBA","SP500","United States"
"WMT","SP500","United States"
"WBD","SP500","United States"
"WM","SP500","United States"
"WAT","SP500","United States"
"WEC","SP500","United States"
"WFC","SP500","United States"
"WELL","SP500","United States"
"WST","SP500","United States"
"WDC","SP500","United States"
"WRK","SP500","United States"
"WY","SP500","United States"
"WHR","SP500","United States"
"WMB","SP500","United States"
"WTW","SP500","United States"
"GWW","SP500","United States"
"WYNN","SP500","United States"
"XEL","SP500","United States"
"XYL","SP500","United States"
"YUM","SP500","United States"
"ZBRA","SP500","United States"
"ZBH","SP500","United States"
"ZION","SP500","United States"
"ZTS","SP500","United States"
"MMM","Dow","United States"
"AXP","Dow","United States"
"AMGN","Dow","United States"
"AAPL","Dow","United States"
"BA","Dow","United States"
"CAT","Dow","United States"
"CVX","Dow","United States"
"CSCO","Dow","United States"
"KO","Dow","United States"
"DIS","Dow","United States"
"DOW","Dow","United States"
"GS","Dow","United States"
"HD","Dow","United States"
"HON","Dow","United States"
"IBM","Dow","United States"
"INTC","Dow","United States"
"JNJ","Dow","United States"
"JPM","Dow","United States"
"MCD","Dow","United States"
"MRK","Dow","United States"
"MSFT","Dow","United States"
"NKE","Dow","United States"
"PG","Dow","United States"
"CRM","Dow","United States"
"TRV","Dow","United States"
"UNH","Dow","United States"
"VZ","Dow","United States"
"V","Dow","United States"
"WBA","Dow","United States"
"WMT","Dow","United States"
"ADBE","Nasdaq","United States"
"ADP","Nasdaq","United States"
"ABNB","Nasdaq","United States"
"ALGN","Nasdaq","United States"
"GOOGL","Nasdaq","United States"
"GOOG","Nasdaq","United States"
"AMZN","Nasdaq","United States"
"AMD","Nasdaq","United States"
"AEP","Nasdaq","United States"
"AMGN","Nasdaq","United States"
"ADI","Nasdaq","United States"
"ANSS","Nasdaq","United States"
"AAPL","Nasdaq","United States"
"AMAT","Nasdaq","United States"
"ASML","Nasdaq","United States"
"AZN","Nasdaq","United States"
"TEAM","Nasdaq","United States"
"ADSK","Nasdaq","United States"
"BKR","Nasdaq","United States"
"BIIB","Nasdaq","United States"
"BKNG","Nasdaq","United States"
"AVGO","Nasdaq","United States"
"CDNS","Nasdaq","United States"
"CHTR","Nasdaq","United States"
"CTAS","Nasdaq","United States"
"CSCO","Nasdaq","United States"
"CTSH","Nasdaq","United States"
"CMCSA","Nasdaq","United States"
"CEG","Nasdaq","United States"
"CPRT","Nasdaq","United States"
"CSGP","Nasdaq","United States"
"COST","Nasdaq","United States"
"CRWD","Nasdaq","United States"
"CSX","Nasdaq","United States"
"DDOG","Nasdaq","United States"
"DXCM","Nasdaq","United States"
"FANG","Nasdaq","United States"
"DLTR","Nasdaq","United States"
"EBAY","Nasdaq","United States"
"EA","Nasdaq","United States"
"ENPH","Nasdaq","United States"
"EXC","Nasdaq","United States"
"FAST","Nasdaq","United States"
"FTNT","Nasdaq","United States"
"GEHC","Nasdaq","United States"
"GILD","Nasdaq","United States"
"GFS","Nasdaq","United States"
"HON","Nasdaq","United States"
"IDXX","Nasdaq","United States"
"ILMN","Nasdaq","United States"
"INTC","Nasdaq","United States"
"INTU","Nasdaq","United States"
"ISRG","Nasdaq","United States"
"JD","Nasdaq","United States"
"KDP","Nasdaq","United States"
"KLAC","Nasdaq","United States"
"KHC","Nasdaq","United States"
"LRCX","Nasdaq","United States"
"LCID","Nasdaq","United States"
"LULU","Nasdaq","United States"
"MAR","Nasdaq","United States"
"MRVL","Nasdaq","United States"
"MELI","Nasdaq","United States"
"META","Nasdaq","United States"
"MCHP","Nasdaq","United States"
"MU","Nasdaq","United States"
"MSFT","Nasdaq","United States"
"MRNA","Nasdaq","United States"
"MDLZ","Nasdaq","United States"
"MNST","Nasdaq","United States"
"NFLX","Nasdaq","United States"
"NVDA","Nasdaq","United States"
"NXPI","Nasdaq","United States"
"ORLY","Nasdaq","United States"
"ODFL","Nasdaq","United States"
"ON","Nasdaq","United States"
"PCAR","Nasdaq","United States"
"PANW","Nasdaq","United States"
"PAYX","Nasdaq","United States"
"PYPL","Nasdaq","United States"
"PDD","Nasdaq","United States"
"PEP","Nasdaq","United States"
"QCOM","Nasdaq","United States"
"REGN","Nasdaq","United States"
"ROST","Nasdaq","United States"
"SGEN","Nasdaq","United States"
"SIRI","Nasdaq","United States"
"SBUX","Nasdaq","United States"
"SNPS","Nasdaq","United States"
"TMUS","Nasdaq","United States"
"TSLA","Nasdaq","United States"
"TXN","Nasdaq","United States"
"TTD","Nasdaq","United States"
"VRSK","Nasdaq","United States"
"VRTX","Nasdaq","United States"
"WBA","Nasdaq","United States"
"WBD","Nasdaq","United States"
"WDAY","Nasdaq","United States"
"XEL","Nasdaq","United States"
"ZM","Nasdaq","United States"
"ZS","Nasdaq","United States"
"NESN.SW","SMI","Switzerland"
"ROG.SW","SMI","Switzerland"
"NOVN.SW","SMI","Switzerland"
"CFR.SW","SMI","Switzerland"
"ZURN.SW","SMI","Switzerland"
"UBSG.SW","SMI","Switzerland"
"ABBN.SW","SMI","Switzerland"
"LONN.SW","SMI","Switzerland"
"SIKA.SW","SMI","Switzerland"
"ALC.SW","SMI","Switzerland"
"GIVN.SW","SMI","Switzerland"
"HOLN.SW","SMI","Switzerland"
"SCMN.SW","SMI","Switzerland"
"PGHN.SW","SMI","Switzerland"
"SREN.SW","SMI","Switzerland"
"SOON.SW","SMI","Switzerland"
"GEBN.SW","SMI","Switzerland"
"SLHN.SW","SMI","Switzerland"
"LOGN.SW","SMI","Switzerland"
"KNIN.SW","SMI","Switzerland"
